id;category/id;category/name/fr;scope/id;scope/name;author_id;title;body;votes;comments;created_at;published_at;hidden;url;component/id;meeting_urls
425;41;La transition écologique;;;1092;Développer les espaces verts;"Dans les villes, il est indispensable de développer les espaces verts, aussi bien dans les rues avec la plantations d'arbres, que dans les parcs.

Afin de favoriser l'autonomie alimentaire des villes, il serait intéressant que les collectivités plantent des plantes comestibles : arbres fruitiers, légumes, herbes aromatiques… à la disposition de tous, à l'instar des Incroyables Comestibles.

Les communes devraient mettre à disposition des écoles des intervenants spécialisés qui viendraient sensibiliser les enfants au jardinage et les aider à développer un potager, qui fournirait la cantine en produits bio et, par conséquent, locaux. ";0;0;2019-03-12 18:37:18 +0100;2019-03-12 18:38:05 +0100;;http://participez.nancy.fr/processes/GrandDebatNational/f/88/proposals/425;88;""
417;42;La fiscalité et les dépenses publiques;;;894;Ajustement du tarif des énergies;Adapter la tarification du prix de l’énergie selon le secteur géographique. En effet, il me semble injuste que les citoyens résidants dans des regions où le climat nécessite de se chauffer plus que dans d’autres payent le même prix. Qu’il s’agisse de l’électricité, du gaz naturel ou du fuel, la part du budget familial est injustement plus conséquente pour certaines personnes. Ainsi, des zones devraient être définies afin par exemple, que le tarif soit moins cher dans la région Grand-Est que dans la région PACA. ;0;0;2019-03-10 09:08:36 +0100;2019-03-10 09:09:41 +0100;;http://participez.nancy.fr/processes/GrandDebatNational/f/88/proposals/417;88;""
341;42;La fiscalité et les dépenses publiques;;;8;Ce champ contient une erreur.;Test tesgijfpfef;0;0;2018-12-21 11:35:41 +0100;2018-12-21 11:36:16 +0100;;http://participez.nancy.fr/processes/GrandDebatNational/f/88/proposals/341;88;""
430;41;La transition écologique;;;933;Gestion de l’eau potable et des énergies;"À l’image de la chasse d’eau, on utilise beaucoup trop d’eau potable pour rien. Cette action quotidienne pourrait être remplacée par l’utilisation d’une eau recyclée, récupérée, etc.
À l’image des lumières allumées toute la nuit dans les magasins, agences immobilières, bureaux en tout genre, l’énergie est utilisée inutilement. Des lois peuvent rapidement bannir tout ce gâchis et cette pollution visuelle...";0;0;2019-03-12 21:39:17 +0100;2019-03-12 21:40:07 +0100;;http://participez.nancy.fr/processes/GrandDebatNational/f/88/proposals/430;88;""
391;44;L'organisation de l’État et des services publics;;;791;Décentralisation et travail à distance / en région;"Développer le travail détaché ou à distance pourrait permettre d'améliorer la qualité de vie de chacun(e), à défaut de pouvoir rémunérer mieux les personnes travaillant pour l'Etat... je pense notamment aux postes dans les ministères parisiens, où les options de travail détaché/à distance ou télétravail depuis la province ne sont pas la priorité. Tout semble ne se passer qu'à Paris. Quel dommage que l'on ne puisse pas décentraliser davantage ; pour un même salaire la qualité de vie est sans aucune commune mesure en région !
";0;0;2019-03-06 19:30:01 +0100;2019-03-06 19:36:16 +0100;;http://participez.nancy.fr/processes/GrandDebatNational/f/88/proposals/391;88;""
419;45;Autre sujet;;;910;Adhésion obligatoire mutuelle;"Mon épouse et moi sommes tous 2 salariés d'entreprises dans lesquels l'adhésion à la mutuelle est obligatoire. Chacune d'elles proposent également une option mutuelle famille facultative.
Afin de couvrir nos 2 enfants, j'ai souscris  à l'option facultative famille, option qui couvre également mon épouse. 
Bien que couverte par ma mutuelle, mon épouse est malgré tout contrainte de souscrire à une seconde mutuelle auprès de son employeur sous prétexte que l'option famille n'est que facultative !!! Mon épouse cotise donc auprès de 2 mutuelles dont une qu'elle n'utilise jamais !
Pour redonner du pouvoir d'achat aux français, évitons de leur faire payer des services dont ils n'ont pas besoin !
";0;0;2019-03-10 15:18:29 +0100;2019-03-10 15:19:09 +0100;;http://participez.nancy.fr/processes/GrandDebatNational/f/88/proposals/419;88;""
343;42;La fiscalité et les dépenses publiques;;;551;Impôts sur les revenus;"Plus de justice dans le paiement des impôts :
- mise en place de contrôles
- toutes les entreprises, toutes les personnes doivent payer leurs impôts
";0;0;2019-01-21 16:17:03 +0100;2019-01-21 16:17:25 +0100;;http://participez.nancy.fr/processes/GrandDebatNational/f/88/proposals/343;88;""
421;41;La transition écologique;;;583;TVA produits locaaux et bio;"Réduire la tva sur les produits français et bio aurait plusieurs vertus :
- encourager la production bio 
- favorise nos producteurs 
- alimentation plus saine 
- empreinte Carbone plus basse
Et j augmenterais le taux sur les produits néfastes à la santé (sodas plats préparés .....)
";0;0;2019-03-10 20:12:35 +0100;2019-03-10 20:14:48 +0100;;http://participez.nancy.fr/processes/GrandDebatNational/f/88/proposals/421;88;""
357;45;Autre sujet;;;616;Faire des économies mode d'emploi;On nous demande de nous serrer la ceinture,  par contre l'une des première réforme du gouvernement à été de supprimer une partie de l'isf, où est l'économie ?  3,5 milliards qui ne rentrent plus dans les caisses de l'état, où en est on de la lutte contre fraude fiscale ? Qui coûte chère entre 60 et 80 milliards par an, où en est la taxe sur les transports aérien ou maritime ? Qui sont les seul a ne pas être taxés, pourtant il me semble qu'ils polluent beaucoup plus que nos voitures diesel, où en est on de la diminution du nombre de députés, de sénateurs et autre sois disant serviteurs de l'état ? Où en est on de la baisse de leur train de vie ? Où en est on de la  distribution sans contre partie de l'argent public aux entreprises ? Qui pour certaines ont empochées l'argent (public) et ont ou vont fermés (ford). Voilà Monsieur le président, je pense avoir fait le tour des économies qui pourraient être faites avant de taper toujours et encore les gens qui n'ont déjà pas grand chose. Ha s'il vous plaît, faites nous aussi l'économie de votre arrogance n'oubliez pas que vous avez été élu par seulement 24 % des Français le reste n'ai que du dépit pour ne pas avoir Marine le pen au pouvoir et je pense que à force de jouer avec le diable ils fini par gagner.;0;2;2019-01-27 09:07:40 +0100;2019-01-27 09:09:04 +0100;;http://participez.nancy.fr/processes/GrandDebatNational/f/88/proposals/357;88;""
422;43;La démocratie et la citoyenneté;;;583;Reconnaissance vote blanc;"De la même manière que l abstention est annoncée 
Il semble évident que l on devrait en faire de même pour le vote blanc 
Ceux qui votent blanc font au moins l effort de se déplacer !!";0;1;2019-03-10 20:18:11 +0100;2019-03-10 20:18:48 +0100;;http://participez.nancy.fr/processes/GrandDebatNational/f/88/proposals/422;88;""
344;43;La démocratie et la citoyenneté;;;556;Le vivre ensemble ;"1. Le vivre ensemble 

A-amender la loi de 1905 sur la séparation de l’état et de l’église en définissant la nation française comme une nation laïque de tradition chrétienne.

B-favoriser l’assimilation de tous par le choix des prénoms donnés à ses enfants issues du calendrier évitant ainsi le communautarisme ostentatoire.

C-apprendre l’hymne national et le chanter à l’école aussi souvent que possible.

D-toute personne possédant une double nationalité et commettant un crime en France doit se voir déchoir de la nationalité française et renvoyer dans l’autre pays.

E-interdire l’ingérence des pays musulmans dans le financement des mosquées .

F-supprimer le droit au regroupement familial.

G-investir dans les structures et dans les fonctionnaires permettant la traques aux fraudes sociales et fiscales.

H-supprimer les concessions faites aux communautarismes : menus spéciaux des cantines , horaires aménagés aux seins des équipements sportifs, équipe dédiée à l’hôpital,l’espace public doit rester laïc.

I-apprendre l’histoire de France de Clovis à notre époque dès le primaire .

2. Les institutions et la loi 

a- toute personne s’engageant en politique et faisant partie de la fonction publique devra démissionner de celle-ci sans jamais pouvoir la réintégrer. Ceci afin d’avoir une mixité d’origine de la classe politique ( pas seulement des fonctionnaires).

b- diminuer de 20% le nombre de députés 

c- introduire la proportionnelle aux élections législatives 

d- tenir compte des votes blanc et invalider une élection s’il y a 50 % de vote blanc.

e- réduire le salaire des fonctionnaires de l’assemblée nationale 

f-plafonner le train de vie des élus nationaux.

g- supprimer le droit aux associations de se porter partie civile à des fins purement lucratives.

h- associer chaque ministre à un citoyen apolitique connaissant la problématique de terrain du ministère en question et ce afin de ne pas être déconnecté de la réalité du terrain.

i- supprimer le sénat.";0;1;2019-01-21 19:28:03 +0100;2019-01-21 19:29:06 +0100;;http://participez.nancy.fr/processes/GrandDebatNational/f/88/proposals/344;88;""
423;41;La transition écologique;;;933;Organisation de Lieux de stockage de matériel utile au quotidien. Éviter d’acheter du neuf;L’idêe est de réunir du matériel utile à tous au quotidien et de le mettre à disposition à emprunter ou à louer à moindre coût. Ce genre de matériel, c'est celui que l’on achète pour une ou deux fois, et qui reste sur des étagères par la suite, ne connaissant qu’une courte vie alors qu’il pourrait en aider beaucoup. Contrer la société de surconsommation avec de la solidarité et du partage, cadré par cet établissement qui aurait sa place partout en France, métropole, ville, vilage...;0;0;2019-03-11 07:06:07 +0100;2019-03-11 07:08:06 +0100;;http://participez.nancy.fr/processes/GrandDebatNational/f/88/proposals/423;88;""
345;43;La démocratie et la citoyenneté;;;557;Propositions globales;"Mettre en place le vote blanc, afin de permettre à chaque citoyen d'exprimer son avis, et ne pas lui faire penser, moralement, que voter blanc actuellement est considéré comme un vote non exprimé.

Obliger le gouvernement, à l'image du Royaume-Uni, de proposer un débat parlementaire à partir de l'instant où une pétition publique réunit plus de 100 000 signatures, ce qui favoriserait la présence de l'opinion publique, cela rendrait aux français le sentiment d'appartenir au débat.

Remettre le référendum en place lors de décisions importantes, en cas de crise gouvernementale, les français devraient avoir le droit de donner leur veto lorsqu'un projet est contesté au sein même de la classe politique par exemple

Redonner aux formations telles que la journée de défense et de citoyenneté, les cours d'éducation civique dans les collèges lycées, leur importance en permettant des enseignements suivis, structurés, répondant aux problématiques et questions actuelles des jeunes individus";0;4;2019-01-21 20:07:14 +0100;2019-01-21 20:21:32 +0100;;http://participez.nancy.fr/processes/GrandDebatNational/f/88/proposals/345;88;""
346;41;La transition écologique;;;559;Aménagement du territoire;"Déconcentration : Autonomie des régions en matière d'éducation, le rectorat dépendrait du président de région mais plus du ministre de l'éducation. Gestion des effectifs sur la totalité du territoire en maintenant un service de qualité
Décentralisation  plus grande autonomie des régions pour lever l'impôts(la suppression de la taxe d'habitation et remplacée par une subvention de l'état met les collectivités sous contrôle de l'état. Possibilité pour les régions qui sont traversées par des autoroutes de taxer le flux de camion qui proviennent de l'étranger  et qui ne font que traverser le territoire en polluant notre campagne
Aménagement du territoire : maintenir les services publiques dans les villages et villes moyennes (tribunaux, hôpitaux, poste, favoriser l'installation de médecins, maintien des écoles primaires.
Les métropoles ne doivent pas capter la majorité des subventions publiques(pondérer le nombre d'habitant par la surface du territoire.

-";0;1;2019-01-21 21:41:19 +0100;2019-01-21 21:43:52 +0100;;http://participez.nancy.fr/processes/GrandDebatNational/f/88/proposals/346;88;""
347;;;;;559;Transition écologique;"Dans le cadre de l'aménagement du territoire.
----Favoriser le transport des marchandises par le train pour des distances supérieures à 400 km et mettre en place une taxe carbonne pour l'ensemble des camions en particuliers ceux provenant de l'étranger (vignette en Suisse). Maintenir la part de 50% du nucléaire dans la production d'électricité en sécurisant le stockage des déchets. Bien sûr favoriser l'énergie renouvelable. Ne pas culpabiliser les utilisateurs de voitures un peu polluantes (n'oublions pas que leurs conducteurs sont des électeurs).pour rappel les pays les plus pollueurs sont  : La chine, L'inde, Les USA et aussi l'Allemagne avec ses centrales à charbons.
Améliorer la motorisation des voitures, que toutes les voitures fonctionnent à l'electricité  n'est qu'un souhait à moyen terme, il y a 20 ans les voitures consommaient 10l au 100 km, ce jour elles en consomment la moitié( voir l'utilisation de nouveaux carburants
Le chauffage des bâtiments et habitation est aussi une sourcre importante de rejets d'éléments polluants ok pour les nouvelles constructions mais quid des anciennes.
Améliorer le tri des Ordures ménagères, favoriser l'utilisation d'emballages recyclables ou biodégradables, nos poubelles regorgent d'emballages  non recyclables.
Taxer le kérosène des avions";0;0;2019-01-21 22:03:16 +0100;2019-01-21 22:10:17 +0100;;http://participez.nancy.fr/processes/GrandDebatNational/f/88/proposals/347;88;""
348;;;;;559;Contrôler le flux de migrants et de demandeurs d'asile;"Emigration.
Fixer un quota en matière d'émigrants  en fonctions des besoins..
Ce quota serait fixer tous les ans  par l'Assemblée Nationale et le Sénat.
Et assurer un suivi et expulser ceux qui n'auraient pas respectés leur engagement";0;0;2019-01-21 22:15:36 +0100;2019-01-21 22:15:52 +0100;;http://participez.nancy.fr/processes/GrandDebatNational/f/88/proposals/348;88;""
349;;;;;559;Réduire le nombre de parlementaires;"Favoriser le régime présidentiel fort.
     -Réduire le nombre de députés et de sénateur en passant par la suppression du CESE.
Aujourd'hui les élections législatives suivent celle de l'élection présidentielle et le président se retrouve avec
une assemblée à ses bottes. A mis mandat il faudrait renouveller la totalité ou un pourcentage  des parlementaires afin de redonner la ""main""aux électeurs...";0;0;2019-01-21 22:23:03 +0100;2019-01-21 22:23:34 +0100;;http://participez.nancy.fr/processes/GrandDebatNational/f/88/proposals/349;88;""
350;42;La fiscalité et les dépenses publiques;;;558;Régulation des dépenses publiques et mise à plat de notre système ;"Les économies qui me semblent prioritaires sont les suivantes : 
1. Baisser la dépense publique dans son ensemble: salaires des députés sénateurs et personnages politiques selon la bonne utilisation du denier public. Plus d'avantages une fois la mission terminée. Régulation des salaires des hauts fonctionnaires et plus généralement des fonctionnaires avec une part de mérite associée à leur rémunération (avec objectifs quantifiés)
2. Immigration choisie pour des postes non pourvus dans notre pays. Pas de droit du sol.
3. Politique sociale intelligente de soutien et non de dépendance : fin des allocations familiales pour les enfants qui ne viennent pas à l'école. Fin des aides sociales pour les auteurs de crimes ou délits répétés.
4. Imposition de tous les revenus (même symbolique), les plus faibles et les aides sociales également, afin d'assurer une participation consciente de tous à l'effort nationale, à la citoyenneté. 
5. Imposition des grands groupes.
6.  Incarcération : rendre obligatoire le travail en prison: Remettons les travaux d’intérêts généraux (enlever les tags, nettoyer les espaces publics, les idées ne manquent pas), et systématisons la vie professionnelle en prison et hors prison, et ceci avec un double objectif : que les personnes incarcérées participent à leur prise en charge, et qu'elles acquièrent des compétences et une rigueur de vie par le travail.
7. Réforme des retraites : un système de retraite unique à base de points semble intéressant, et plus égalitaire, avec suppression de tous les régimes spéciaux (y compris pour nos hommes politiques). Toutefois, un tel système comme il semble être conçu actuellement par le gouvernement, avec une période de référence qui serait l'intégralité de la vie professionnelle et non plus les 20 meilleures années, intégrerait des revenus faibles( chômage, congé parental, etc...).Une prise en charge des enfants au titre de la maternité et de l'éducation serait évidemment un plus, ainsi que des années d'études. 
8. Remise à plat des ordonnances de la loi travail: licenciements sans cause réelle : déplafonner les indemnités .
9. Ecole: pratique d'une deuxième langue dès la maternelle, à raison de la moitié du temps. Pratique d'une troisième langue dès le primaire. 
10. Remise en place du jour de carence pour tous
11. Arrêts des ""avantages"" de la fonction publique : sur-rémunération des temps partiel (80% payés 85%), supplément familial, prime de logement ou logement de fonction pour tous ceux qui n'ont pas une nécessité d'être proche (ex directeur adjoint d'hopital 1000 euros net par mois en plus, agent du fisc, ect..)
12. Que tous les postes de fonctionnaires qui ne sont pas en ""activité réelle"" soient supprimés (ex jean francois barnaba)

 ";0;3;2019-01-22 13:49:45 +0100;2019-01-22 13:51:02 +0100;;http://participez.nancy.fr/processes/GrandDebatNational/f/88/proposals/350;88;""
351;44;L'organisation de l’État et des services publics;;;568;Réduction des dépenses publiques;"- Réduire le nombre de députés et sénateurs
- revoir la proportionnelle et inclure dans ces deux institutions des citoyens lambda!
- Payer ces élus au temps de présence
- Réduire leur train de vie ( ces gens sont la pour nous servir et non pour s' enrichir)
- Réduire également le nombre de ministres et secrétaires d' état, ne garder que les ministères importants
- S' inspirer du modèle allemand(landers) pour gérer les autres au niveau régional éducation, police, urbanisme, transports etc..
- Supprimer toutes les commissions qui ne servent qu' a enrichir des hauts fonctionnaires.
On nous en parle depuis des années mais, a ce jour rien n' a été fait!. 
- Remettre a plat la sécurité sociale, pourquoi en ALSACE, vous êtes mieux remboursés et que leur caisse a  toujours été bénéficiaire? ";0;0;2019-01-22 17:52:10 +0100;2019-01-22 17:56:18 +0100;;http://participez.nancy.fr/processes/GrandDebatNational/f/88/proposals/351;88;""
352;45;Autre sujet;;;569;Mes principales demandes;"1 ) baisse significative du nombre d élu (conseil général, régional, sous préfécture, préfecture, sénat, assemblée, Bercy etc.)
2) baisse des salaires et suppression de la majeur partie des primes des élus
3) investir dans la recherche, les innovations, les hopitaux et l éducation
4) favoriser la création et l implantation de nouvelles entreprises
5) que la justice soit la même et appliquée pour TOUS; élus ou non.
6) justice plus efficace (ne pas emprisonner un coupable pour une peine inférieure à 2ans, ce n est pas vraiment de la justice)
7) Inéligibilité et démission d un élu à partir du moment où il a : piqué dans la caisse, favorisé quelqu'un, subit une peine de prison etc.
8) chaque candidature à la présidence doit se voir attribuer une enveloppe égale et aucun droit d aucune subvention/aide ou autre pour éviter la corruption et le copinage.
9) stop aux ventes des biens publiques ou entreprises d état";0;0;2019-01-22 18:15:57 +0100;2019-01-22 18:16:50 +0100;;http://participez.nancy.fr/processes/GrandDebatNational/f/88/proposals/352;88;""
353;42;La fiscalité et les dépenses publiques;;;572;Légalisation du cannabis;"Le cannabis est un produit qui présente un danger pour la santé humaine. Et pourtant, la consommation en France est la plus importante d'Europe[1] : la politique de répression menée actuellement présente donc ses limites sur le plan sanitaire, mais aussi au niveau du développement de la délinquance. Depuis 2012, la consommation récréative de cannabis est autorisée dans des états américains sans que la consommation constatée augmente [2]. Taxer le cannabis, comme on taxe d'autres substances nuisibles comme l'alcool ou le tabac, a permis à l'état du Colorado de financer de meilleures écoles [2]. En revanche, la répression favorise le financement de la délinquance, depuis les zones de productions jusqu'au revendeur, alimentant l'insécurité. 
Le cannabis est un problème pour la santé, mais il faut combattre ce problème avec des solutions adéquates. 

1 https://www.la-croix.com/Sciences-et-ethique/Sante/INFOGRAPHIE-Francais-premiers-consommateurs-cannabis-Europe-favorable-legalisation-2018-06-12-1200946398
2 http://www.leparisien.fr/societe/fait-il-legaliser-le-cannabis-au-colorado-un-pactole-pour-les-ecoles-13-03-2017-6757038.php";0;1;2019-01-22 22:38:06 +0100;2019-01-22 22:38:57 +0100;;http://participez.nancy.fr/processes/GrandDebatNational/f/88/proposals/353;88;""
438;43;La démocratie et la citoyenneté;;;1201;Contre la suppression des espèces au profit de la carte bancaire;"Si cette aberration venait à être mise en place, (en 2022), que deviendraient les personnes privées de leur autonomie, nécessitant l'aide de proches, ou autres auxiliaires de vie, pour effectuer leurs achats au quotidien ?  

Chacun sait parfaitement que la carte bancaire est un moyen de paiement STRICTEMENT PERSONNEL, qui ne doit pas être prêté, même à un proche !

Alors, pourquoi se voiler la face, en imposant de nouveaux codes fastidieux à retenir, sans parler des  failles relatives à la sécurité informatique ? 

La carte de paiement sans contact, d'un montant limité à 30 €, ne nécessite pas de code confidentiel.

La technologie évolue tellement rapidement qu'il suffit dorénavant de télécharger une application ""paiement sans contact"" sur les mobiles équipés d'une carte SIM dotée de la nouvelle technologie ""NFC"", pour procéder à des paiements d'un montant supérieur à ce plafond de 30 € (avec obligation d'un code confidentiel (un de plus !), pour les valider !

A noter qu'un paiement sans contact fonctionne même après une opposition !

Les seniors sont de plus en plus nombreux, alors il serait bienvenu de ne pas mettre en application ce  projet de suppression des espèces sonnantes, et trébuchantes, en prenant les mesures nécessaires afin que leur quotidien ne soit pas davantage perturbé par ce changement supplémentaire, dont ils sauraient bien se passer !

Quelques pièces, ou un billet à remettre à leurs petits enfants pour les récompenser,  il faudrait également qu'ils y renoncent ? 

A force de réformes à répétition, force est de constater que le citoyen est privé de toute liberté !

STOP ! C'est en leur nom que je m'exprime ici, ayant encore la chance d'être autonome !

Nous sommes tous concernés, alors j'ose espérer que ma suggestion sera prise en compte, et que le projet d'abandon de l'argent liquide ne verra jamais le jour !

Merci de m'avoir lue.

Bien sincèrement.

Citoyenne.";0;0;2019-03-15 00:32:55 +0100;2019-03-15 00:39:24 +0100;;http://participez.nancy.fr/processes/GrandDebatNational/f/88/proposals/438;88;""
363;44;L'organisation de l’État et des services publics;;;642;La place du numérique dans l'administratif ;"Bonjour, 
Je me demande si nous pouvons lancer un débat (ou des conférences) en rapport avec la place du numérique dans notre quotidien et notre vie et comment nous nous en servons du coté administratif : caf, impôts, pôle emploi, permis etc... ces moyens sont-ils adaptés ? les connexions et le débit sont à la hauteur de nos besoins ? qu'en est-t-il des personnes qui souffrent de la ""fracture numérique"" ? comment pouvons-nous réfléchir, tout d'abord sur la ville de Nancy, puis à l'échelle national à un fonctionnement efficace pour l'administratif français (aujourd'hui très laborieux à la moindre démarche) 
Je souhaitais lancer ce débat et rassembler les citoyens afin que nous puissions monter un projet composé de conférences, débats et échanges puis des propositions. 

Hésitez pas à répondre en commentaire si cette thématique vous intéresse s'il vous plait ! 
 ";0;0;2019-02-04 09:32:26 +0100;2019-02-04 09:34:54 +0100;;http://participez.nancy.fr/processes/GrandDebatNational/f/88/proposals/363;88;""
365;42;La fiscalité et les dépenses publiques;;;670;Justice fiscale?;"Impôt sur le revenu personne seule plus élevé à revenu égal que pour un couple ?
Sauf erreur de ma part- si on compare :voici une simulation, pour un foyer fiscal qui aurait un revenu imposable de 2 500€ par mois, sans enfant afin de ne pas interférer sur une éventuelle politique familiale.
Annuel imposable : 2 500*12= 30 000 €.Barème 2019.
1-Si couple : 2 parts. Calcul : 30000/2=15 000
Barème 2019 :Tranche 14%= (15 000-9 964)14%=705,04
Impôt dû=705*2=1410€
2-Si personne seule : 1 part.
Tranche 14%=(27 519-9 964)14%=2 457
Tranche 30%=(30 000- 27 519)30%=744,30
Impôt dû= 2457+744,30=3201,3 €
Différence d’imposition=3201 – 1410=1791€ au détriment de la personne seule, qui paye aussi ses charges de chauffage, électricité, loyer,impôts locaux...
";0;3;2019-02-07 22:20:22 +0100;2019-02-07 22:29:25 +0100;;http://participez.nancy.fr/processes/GrandDebatNational/f/88/proposals/365;88;""
366;;;;;662;Justice sociale pour les personnes vivant seules;"Une personne vivant seule paie , avec son seul salaire ou retraite ,   la totalité des charges liées notamment à l habitation et à la voiture , charges incluant bien sûr la TVA  . 
Deux personnes  , vivant en couple ,  ayant deux salaires ou retraites , en paient chacune  la moitié  .
Dans un souci  de justice sociale , ne serait il pas équitable que la personne vivant seule ait un abattement sur le montant de l impôt de son revenu ?c est à dire , à titre de proposition , qu elle bénéficie d' une part et demi ( ou lieu d une actuellement) en comparaison avec un couple qui bénéficie de deux parts .";0;4;2019-02-08 15:54:19 +0100;2019-02-08 15:56:12 +0100;;http://participez.nancy.fr/processes/GrandDebatNational/f/88/proposals/366;88;""
354;44;L'organisation de l’État et des services publics;;;607;Arrêtons toute cette centralisation ;"A chaque fois, on nous promet que la centralisation, les fusions vont nous faire gagner en efficacité, qu'on pourra faire plus avec moins de budget et en réalité ça ne fait que donner plus de pouvoir à quelques personnes, éloigner ces structures de la population qui prenne des décisions sans savoir comment ça se passe réellement et finalement ne font rien gagner à personne. On l'a bien vu avec cette fusion des régions qui a fait naître un truc ingérable qui s’étend sur plusieurs centaines de km, qui coûte une fortune pour réunir les élus de ce vaste territoire et inaccessible pour n'importe quel citoyen. 
Pour savoir de quoi on parle, il faut commencer par être proche de la population et pas passer son temps dans des réunions à Strasbourg ou à Metz à décider de la vie des 5.5 millions d'habitant.

Maintenant, on nous dis comme M. Hénart,  qu'il faudrait fusionner les communes pour les mêmes raisons qu'il fallait faire les intercommunalité, les métropoles, les mégas région,...  Et maintenant les mégas communes. Si vos seules solutions, c'est de toujours faire des mégastructures inhumaine et ingérable qui ne laisse plus aucune autonomie aux territoires de pouvoir ou non répondre aux demandes de sa population. Alors dans ce cas, supprimons tout ça et laissons Paris gérer tout de bout en bout pour les 67 millions d'habitants...  ";0;0;2019-01-26 11:38:00 +0100;2019-01-26 11:39:44 +0100;;http://participez.nancy.fr/processes/GrandDebatNational/f/88/proposals/354;88;""
355;45;Autre sujet;;;505;Cause Animale, ne plus l'ignorer !;"Le statut de l'animal a changé depuis 2014. C'est aujourd'hui un ""être vivant doué de sentiments"", et non plus un bien meuble. Il y a aussi obligation d'identification de ces derniers que l'on soit professionnel ou particulier. Ce que je propose :

- Contrôle et mise en conformité de l'animal par le vétérinaire lorsqu'il le reçoit en consultation, avec obligation de stériliser. Trop de naissances, et trop de personnes refusent l'acte.
- loi quant à la détention du nombre de chats par foyer. Ceci éviterait aux structures sollicitées de gérer des SOS de 40 voire 50 chats.
- Application stricte de la loi lorsqu'il y a abandon avec amende.
-  Saisine et intervention + rapide des services vétérinaires lors de situations de négligence ou de maltraitance.
- Sanctions plus lourdes sur les actes de cruautés. 2 ans (jamais appliqué) devant certaines horreurs est inadmissible.

Je rappelle que la surpopulation animale relève aussi de la santé publique, car certaines maladies sont transmissibles à l'homme.";0;1;2019-01-26 15:22:26 +0100;2019-01-26 15:23:46 +0100;;http://participez.nancy.fr/processes/GrandDebatNational/f/88/proposals/355;88;""
356;44;L'organisation de l’État et des services publics;;;505;MDPH, économie de temps des dossiers;"Le parcours administratif pour une personne handicapée est sensé être simplifier. Ce n'est pas le cas.

Pourquoi, quand des situations sont stables, inaptitude à tout emploi,  handicap évolutif en dégradation, demander le renouvellement de dossier tous les 2 ans ?

Quand la situation sociale d'une personne est connue, que l'on sait que la personne est inapte à tout emploi à vie, je propose que leur dossier soit pérennisé. 

Cela permettrait un gain de temps quant à la gestion de dossiers dont la MDPH est souvent débordée.";0;2;2019-01-26 15:39:56 +0100;2019-01-26 15:40:40 +0100;;http://participez.nancy.fr/processes/GrandDebatNational/f/88/proposals/356;88;""
358;42;La fiscalité et les dépenses publiques;;;626;Refonte d'une fiscalité totalement dépassée (1/2);"Bonjour,

Je pense que le plus important est d'insister sur la responsabilité citoyenne et républicaine de chacun avant toute chose : insister sur l'éducation.
Cela passe par :
- obligations de stages d'informations spécifiques pour tous bénéficiaires d'aides sociales (qu'est-ce que c'est, qui finance et comment)
- cours obligatoires et renforcés avec examens au bac sur le fonctionnement de l'état, la citoyenneté, les impôts (car tous seront amenés à en payer, idéalement...)

Ensuite, pour une fiscalité plus juste, il faudrait :
- revoir les TMI (tranches marginales d'impositions) en fonction des revenus
- introduire une participation universelle à l'impôt, chacun paierait sa part, même les moins aisés (selon leurs moyens bien évidemment), de façon à responsabiliser chacun, en particulier ceux à qui l'impôt profite le plus (et aujourd'hui aucune prise de conscience de cela !)
- faire comme aux USA : obliger chaque français, vivant en France ou à l'étranger, à payer ses impôts en France
- rendre totalement transparent tout revenus et dépenses des finances publiques attribués aux élus et hauts fonctionnaires (responsabilité pour tous)

S'il on paie beaucoup d'impôts, c'est parce que l'on dépense beaucoup. Il faut donc diminuer les dépenses publiques et notamment les aides sociales (dont retraites futures) qui, en fait, favorisent ceux qui ne travaillent pas ou peu aux dépens (triste constat mais bien réel...) de ceux qui travaillent ! Pour cela :
- diminuer les aides sociales de façon à inciter les gens à trouver un emploi et encourager, montrer, le soutien de l'Etat envers ceux qui travaillent
- fin des avantages sur les complémentaires santé telles que chu, cas et ame (obligation pour chacun de cotiser à une mutuelle, en imposant à celles-ci des tarifs attractifs pour les plus nécessiteux)
- bonus-malus pour le remboursement de frais médicaux pour limiter les abus (sans concerner les ALD ni AT/MP)
...";0;1;2019-01-28 20:13:25 +0100;2019-01-28 20:14:20 +0100;;http://participez.nancy.fr/processes/GrandDebatNational/f/88/proposals/358;88;""
374;43;La démocratie et la citoyenneté;;;644;Pouvoir du peuple par le peuple;"Instaurer un vote systématique de tout texte législatif directement par les citoyens (quite a devoir instaurer un rendez vous mensuel ou trimestriel dans les urnes) avec vrai prise en compte du vote blanc.

Aucun élu, quel qu'il soit, ne devrait pouvoir se prononcer et prendre des décisions à la place de l'ensemble des citoyens qu'il représente sous le seul prétexte qu'il a été élu par une partie de ces citoyens pour une durée donnée. Un mandat n'est pas un chèque en blanc. 

Le rôle d'élu ne devrait se limiter qu'au rôle de porte-parole du peuple qu'il représente et éventuellement de force de proposition, mais en aucun cas de décider pour le peuple à la place du peuple. ";0;2;2019-02-18 10:24:04 +0100;2019-02-18 10:26:50 +0100;;http://participez.nancy.fr/processes/GrandDebatNational/f/88/proposals/374;88;""
359;42;La fiscalité et les dépenses publiques;;;626;Refonte d'une fiscalité totalement dépassée (2/2);"...
Il y a aussi les dépenses administratives qui pourraient être réfléchies :
- augmenter le nombre d'heures de travail des fonctionnaires (bien en dessous de celui des salariés et autres indépendants à l'heure actuelle)
- réduire le nombre d'agents
- fusionner les différents organismes publiques
- dématérialisation totalement les documents administratifs

Comme diminution d'impôts et taxes j'aimerai ajouter :
- diminuer les charges pour les libéraux et indépendants (notamment URSSAF)
- diminuer l'impôts sur les sociétés (de façon à diminuer les contributions de l'Etat pour ces entreprises)

Ensuite de façon à financer correctement les retraites (qui correspondent à plus d'un quart des dépenses), encore une fois il faut revoir en profondeur pour un système plus juste :
- reculer l'âge du départ à la retraite (seuls les français  partent en retraite aussi tôt et profitent aussi bien du système des retraites...paradoxal !)
- passer d'un système de répartition à un système de capitalisation (les travailleurs ne peuvent plus payer pour tout le monde, surtout sachant qu'il y a désormais 1 actif pour 3 retraités...)

Enfin, les points où il faudrait investir, toujours grâce à nos impôts, pour diminuer à terme ceux-ci et assurer la pérennité de notre système :
- l'éducation, la plus grande des priorités, pour faire évoluer les discours et les mentalités, pour concerner et responsabiliser (comme dit plus haut)
- la sécurité intérieure/les défenses extérieures
- l'écologie, quitte à augmenter les taxes (encore une fois, responsabiliser...)
- la santé, mais concernant les effectifs, les moyens et les formations de plus de professionnels (non pas encore des aides sociales pour les complémentaires)
- les administrations, en pariant sur la technologie (via logiciels) pour s'assurer des démarches souvent longues, insatisfaisantes (trop d'erreurs car trop d'intervenants) et obsolètes.

Voilà, désolé pour un texte aussi long et merci à ceux qui m'ont lu jusqu'au bout.";0;1;2019-01-28 20:15:26 +0100;2019-01-28 20:15:46 +0100;;http://participez.nancy.fr/processes/GrandDebatNational/f/88/proposals/359;88;""
367;;;;;643;Dépense publique;"ECONOMIES
Réduire le nombre d’agents publics, oui peut-être, mais il est nécessaire avant tout de :
1)	Faire la chasse à tous les doublons issus principalement de la décentralisation et de l’essor des communautés de communes (agents des deux collectivités gérant les mêmes dossiers ; actions sur les mêmes champs de compétences à la Région, au Rectorat et au Ministère ; etc …). Globalement définir des missions précises pour chaque collectivité, sans compétences partagées.
2)	Arrêter les revendications sur le nombre. Il est bien évidemment plus efficace de porter les efforts sur une vraie formation des agents plutôt que d’en augmenter les effectifs.
3)	Contraindre les collectivités territoriales à imposer le respect des obligations horaires légales (annuelles ou hebdomadaires). 
";0;0;2019-02-14 10:55:26 +0100;2019-02-14 10:56:07 +0100;;http://participez.nancy.fr/processes/GrandDebatNational/f/88/proposals/367;88;""
360;42;La fiscalité et les dépenses publiques;;;637;Impot locaux pour changer cette impot;"Bonjour 

En cette période ou toutes les personnes sont contre de payer des impôts, je trouve ça un peu fort.
Nous sommes tous comptant de pouvoir rouler sur nos routes, de mettre nos enfants dans les écoles primaire, de laisser nos enfants la cantine, qu'ils apprennent à nager et toutes les choses que notre collectivités finances.
Je pense qu'il faudrait que toutes les personnes paient au moins quelques choses de 1 euros pour les plus modeste entre nous et les autres paies des impôts locaux normal et ne pas retomber dans un exces que l on n'a connu.

";0;2;2019-01-29 09:59:55 +0100;2019-01-29 10:06:13 +0100;;http://participez.nancy.fr/processes/GrandDebatNational/f/88/proposals/360;88;""
368;;;;;643;Fiscalité générale;"La fiscalité locale est calculée sur des bases (valeur locative) datant de quarante ans. Malgré quelques aménagements aucune véritable réforme n’a été menée. Les annonces répétées dans beaucoup de campagnes électorales sont restées lettres mortes ; aucun gouvernement n’a eu la volonté (ou le courage) de « remettre à plat » cette fiscalité. La suppression en cours de la taxe d’habitation ne règle absolument pas le problème sur le fond. Sa seule conséquence est de priver la collectivité locale de son autonomie de gestion garantie par la Constitution.
Pourrait-on s’interroger sur ce paradoxe : d’aucuns proposent de faire contribuer « même modestement » tous les citoyens à l’impôt sur le revenu. On oublie facilement que la fiscalité indirecte (TVA, taxes sur les produits pétroliers, …) touche lourdement toute la population sans distinction et surtout sans progressivité.
";0;1;2019-02-14 10:58:36 +0100;2019-02-14 10:58:51 +0100;;http://participez.nancy.fr/processes/GrandDebatNational/f/88/proposals/368;88;""
431;42;La fiscalité et les dépenses publiques;;;550;Fiscalité, aides sociales ;"Je trouve qu’il est très injuste de faire supporter aux contribuables les choix de vie de ceux qui ne paient pas d’impots. Certes, tout le monde peut avoir un coup dur dans sa vie, mais quand ça dure plusieurs années parfois même plusieurs générations, cela me semble plus être un choix. Pourquoi faire plusieurs enfants si on n’a pas les capacités de les élever ni de les nourrir ? Cela semble être une question de bon sens. De plus, n’oublions pas que l’enseignement est gratuit en France et que les moins fortunés bénéficient de bourses d’études pour l’enseignement supérieur. Je trouve qu’il serait juste que l’assiette imposable prenne en compte l’ensemble des ressources y compris les différentes aides sociales. Aussi, l’allocation de rentrée scolaire devrait être versée aux établissements scolaires qui fournirait tout le matériel nécessaire. Car cette prime est bien plus élevée que le coût réel des fournitures scolaires et est parfois utilisée par certains pour financer autre chose que les fournitures scolaires. À quel moment de l’année, le CA des ventes HiFi est le plus élevé ??? Au moment du versement de la prime de rentrée scolaire.
Par ailleurs, arrêtons de verser les allocations familiales aux parents dont les enfants ont été placés !!! Aucune logique mais une parfaite injustice. L’etat finançant en plus le placement de l’enfant en foyer ou famille d’accueil.
Ces économies, pourraient revenir à l’enseignement et dans la création de crèche.";0;0;2019-03-13 09:44:26 +0100;2019-03-13 09:45:23 +0100;;http://participez.nancy.fr/processes/GrandDebatNational/f/88/proposals/431;88;""
426;41;La transition écologique;;;1092;Améliorer la gestion des déchets;"Il est impensable de voir des déchets verts partir à l'enfouissement ou à l'incinération, alors qu'ils pourraient fournir un compost de qualité pour développer les espaces verts et les potagers de la ville. Il existe aujourd'hui des composteurs partagés et certaines villes redistribuent gratuitement du compost à leurs habitants. C'est déjà très bien mais ce n'est pas suffisant. Apporter ses déchets verts à un composteur partagé quand on habite en appartement et qu'on n'a pas accès à un espace vert dans sa résidence est contraignant et représente certainement un frein pour un grand nombre de citoyens.

Il y a un certain nombre d'années déjà, les communes ont étoffé leur système de ramassage des déchets en intégrant le tri des recyclables. Il faut aujourd'hui aller plus loin et systématiser, partout en France, le ramassage des déchets verts dans des poubelles spéciales, en particulier à destination des personnes vivant en appartement. Les villes devront également fournir des seaux de stockage des déchets verts de cuisine afin que les habitants n'aient pas à investir. 

Par ailleurs, les personnes appliquant une politique de réduction drastique des déchets à leur domicile devraient être récompensées en voyant leur taxe ordures ménagères diminuée. Les villes doivent également sensibiliser leurs habitants au mode de vie zéro déchet en organisant plus de manifestations et en formant les enfants et leurs parents.";0;1;2019-03-12 18:48:50 +0100;2019-03-12 18:49:35 +0100;;http://participez.nancy.fr/processes/GrandDebatNational/f/88/proposals/426;88;""
369;;;;;643;Dépense publique;"-	Proposer la diminution des rémunérations des élus est l’exemple même d’une « fausse bonne idée ». La rémunération des parlementaires (et des maires !) ne doit pas être remise en cause (sinon pour l’augmenter afin de les rendre insensibles aux lobbys). 
-	Par contre les règles fixant les conditions d’accès à la retraite des parlementaires sont parfaitement intolérables. Il faut aussi se demander pourquoi ces élus sont dispensés de justifier leurs dépenses de fonctionnement et de représentation. Quant aux moyens mis à disposition des anciens Présidents de la République (locaux, collaborateurs, …), peut-on les justifier dans la durée (cf. V. Giscard d’Estaing) ?
-	Il faut aussi s’assurer que les assistants, rémunérés sur fonds publics, sont effectivement actifs (cf. affaire FILLON) et employés au service de leur mission (cf. affaire F.N.).
-	 On peut s’interroger sur des dépenses qui paraissent disproportionnées, voire somptuaires : L’aménagement des ronds-points qui fleurissent parfois « au milieu de nulle part » était-il bien nécessaire ? 
";0;1;2019-02-14 11:00:47 +0100;2019-02-14 11:01:02 +0100;;http://participez.nancy.fr/processes/GrandDebatNational/f/88/proposals/369;88;""
371;;;;;643;Ecologie Pollution;"-	Instaurer une taxe pollueur-payeur correctement dimensionnée. Les industries savent qu’il est moins onéreux de payer une amende que d’investir dans des équipements de dépollution. 
-	Taxer lourdement les poids lourds en transit sur de longs trajets (voir les immatriculations sur l’A31 et la RN4 ; Merci Ségolène !!!). Le transfert du trafic sur le rail ne serait envisageable que si le coût était compétitif. De plus, les poids lourds contribuent à la dégradation du réseau sans rien financer (le ravitaillement en carburant se fait le moins possible en France).
-	Affecter le produit de ces taxes aux actions favorisant la transition énergétique (isolation des immeubles, développement des énergies « propres », aide aux modes de transports alternatifs, … 
-	Démontrer, si c’est possible, en quoi l’électricité est propre : comment est-elle produite (centrales thermiques ou nucléaires), comment est-elle stockée (batteries utilisant des « terres rares » importées) ?
";0;0;2019-02-14 11:04:11 +0100;2019-02-14 11:04:30 +0100;;http://participez.nancy.fr/processes/GrandDebatNational/f/88/proposals/371;88;""
370;;;;;643;Citoyenneté Education;"Encore une fausse bonne idée = le RIC ! Si l’on souhaite installer l’anarchie, il faut satisfaire cette revendication.
On sait que le Référendum se transforme systématiquement en Plébiscite : quelle que soit la question posée, la réponse est toujours pour ou contre le pouvoir en place. Imaginons un RIC qui propose de « remercier » le Président de la République … le Président écarté, par qui le remplacer ? L’énervée d’extrême droite ? ou l’excité qui éructe « la République c’est moi » et qui pousse le culte personnel jusqu’à faire campagne au moyen de plusieurs hologrammes ???
La seule mesure utile serait d’enseigner « pour de vrai » l’instruction civique à tous les niveaux de la scolarité et de diffuser ces connaissances par tous moyens à l’adresse des adultes. Les médias s’honoreraient à promouvoir l’éducation des citoyens plutôt que de « surfer » à longueur de temps sur les dysfonctionnement et les dérives. 

";0;0;2019-02-14 11:03:04 +0100;2019-02-14 11:03:22 +0100;;http://participez.nancy.fr/processes/GrandDebatNational/f/88/proposals/370;88;""
372;45;Autre sujet;;;738;Agir sur plusieurs plans;"Depuis 1999 , je parle autour de moi d'un projet de carte restauration qui serait offerte à tous foyers en dessous de 2000 euros par mois , cette carte fonctionnerait avec un budget de 150 par mois par personne , elle serait financé par les publicités ce qui élimerait tous documents papier et tous les déchets en moins, elle permettra un social dynamique en ayant un effet sur la santé, sur l'alimentation local,régional ça évite que les gens achètent  dans d'autres pays de ce fait créé des emplois ou pérennisent ceux existants.
Action sur l'environnement,la santé et l'emploi";0;0;2019-02-15 19:59:16 +0100;2019-02-15 20:02:07 +0100;;http://participez.nancy.fr/processes/GrandDebatNational/f/88/proposals/372;88;""
432;41;La transition écologique;;;787;Écologie à long terme et non du court terme;"Commentaire 1/3
En reprenant les questions qui ne sont que pour les associations dans le programme osons 

1. La transition énergétique, qui priorise l’efficacité énergétique, la sobriété énergétique et le recours prioritaire aux énergies renouvelables, notamment pour l’habitat et les transports.

Pour ce qui est de prioriser l'efficacité énergétique, avant tout nommez toutes nouvelles constructions drastiquement avec un but une dépense énergétique à quasiment zéro pour les foyers qui paieront certes un loyer un peu plus onéreux, mais quand on enlève en moyenne 150 à 200 € par mois d'électricité et de gaz on peut le rajouter sur un loyer avec une habitation en énergie quasi positive. 
Au lieu d'équiper ces habitations de chauffe-eau ou chaudière les équipé d'une batterie de stockage d'énergie pour emmagasiner le moindre kilowatt-heure qui sera alimenté par des énergies renouvelables. Équiper ces logement de place dédié aux véhicules électriques et relier chaque prise à chaque appartement pour anticiper les futures voitures électriques qui pourront se connecter sur le réseau et redistribuer leur électricité emmagasinée dans la batterie la journée et soutenir le réseau électrique quand il y a des piques le soir. 
Pour ce qui est de la voiture électrique je reviendrai plus tard et un peu plus bas dans le chapitre de l'urbanisme…
Ces immeubles devront être construit dans un but d'écoquartier qui amène également le trie et ramassage des ordures un seul point , que tous les appartements ou immeuble soient reliés à des aspirateurs d'ordures pour collecter les déchets à un seul endroit où les camions de différents types de ramassage pourront les prendre en une fois, cela fera économiser du temps et du CO2 au ville et donc de l'énergie.
Collecte également des eaux usées pour le biogaz et alimenter les bus de la ville avec celui-ci.
Je ne suis pas ingénieur mais il y a tellement à faire qu'il faut commencer sur de bonnes bases et y aller progressivement mais franchement Il y a de quoi réinventer, il y a des points de croissance de partout pour les 100 prochaines années il faut agir maintenant! Tout est à repenser !

2. L’éco-mobilité, qui priorise les transports en commun, l’autopartage, le covoiturage, les plans vélo et piéton et les interconnexions multimodales. 

L'éco-mobilité rentre en compte également dans l'éco-habitat. Infrastructures pour accueillir les vélos électriques et les charger. Et pourquoi pas des petit véhicule électrique comme les Renault Twizy en libre partage pour les petit trajet ville domicile

3. La préservation de la biodiversité, en repérant, en protégeant et en valorisant les espèces locales. 

Idem que pour le précédent cela peut rentrer aussi dans l'écho habitat, des espaces jardins partagés, re densifier des Petite-Forêt dans ces éco-habitat.
Créer des petits commerces locaux.


Des propositions à 3000 caractère ne peuvent pas être développé ! Suite du commentaire si dessus ";0;0;2019-03-13 09:53:42 +0100;2019-03-13 09:55:15 +0100;;http://participez.nancy.fr/processes/GrandDebatNational/f/88/proposals/432;88;""
379;45;Autre sujet;;;748;Autisme une priorité de santé publique ;"La France est en retard sur l'autisme.  Les gouvernements ont tenté de réaliser des ""plans autisme"". 
l'âge moyen du diagnostic de TSA en France est entre 5 et 6 ans (!), alors qu'aux USA, pays pionnier en la matière, il est de 4 ans. Des médecins sont capable de le dépister des 18 mois et le diagnostiquer de manière fiable entre 2 et 3 ans.
Les diagnostics prennent énormément de temps.  
Pour prendre un rendez-vous au centre de ressources autisme à Nancy, il faut attendre deux ans.
Il manque des auxiliaires de vie scolaire pour les élèves autistes. 
Les soins de santé ne sont pas majoritairement remboursés par la sécurité sociale (même par la MDPH).
Mes propositions :
- Former les personnels de l'éducation nationale et les  professionnels de santé. 
- Sensibiliser la population 
- Créer de nouveaux centres médicaux 
- Réaliser des remboursements des soins  recommandées par la Haute Autorité de Santé et les Organismes de santé internationaux 
- Inciter les entreprises à embaucher des TSA
";0;0;2019-02-20 16:23:24 +0100;2019-02-20 16:24:35 +0100;;http://participez.nancy.fr/processes/GrandDebatNational/f/88/proposals/379;88;""
373;41;La transition écologique;;;739;Etat d'urgence environnemental;"La situation actuelle ne nous permet malheureusement plus de prendre des ""mesurettes"", mais nécessite une modification totale de notre manière de penser notre rapport  à l'environnement. 
- Tous les bâtiments, publics, comme privés, doivent faire l'objet d'une isolation efficace, sans se poser la question de savoir si cela risque de défigurer ou rendre moins agréable la vue de ces derniers. A quoi bon avoir de jolies bâtisses si nous n'avons plus personne pour les regarder. L'état doit investir lourdement, par le biais d'aides. Nous ne devons plus penser en terme de retour sur investissement personnel, il s'agit d'une problématique nationale nécessitant une action collective au même titre que la défense nationale, ou que la santé et l'éducation. 
- Les transports en commun doivent avoir le plus de place possible (augmentation de leur nombre, de leur fréquence, ils doivent quadriller la communauté urbaine); nous ne devons plus mettre n fois moins de temps en prenant nos véhicules individuels plutôt qu'en prenant les transports en commun.
Les infrastructures concernant le déplacement à vélo doit être une priorité (stationnement sécurisé, déplacements sécurisés...)
- Dans tous les établissements scolaires, manger des produits bio et locaux, et pas uniquement pour la santé de nos enfants, mais aussi pour celle des agriculteurs et pour notre environnement.";0;1;2019-02-16 21:02:47 +0100;2019-02-16 21:04:09 +0100;;http://participez.nancy.fr/processes/GrandDebatNational/f/88/proposals/373;88;""
433;41;La transition écologique;;;787;La Suite projet 2/3;"4. L’urbanisme reconsidéré, s’appuyant sur la densification urbaine, la réduction des distances, les économies d’énergie, les espaces verts. 

Pour ce qui est de l'urbanisme il faut tout repenser tout connecté pour pouvoir véhiculer l'énergie renouvelable, car le gros souci de cette énergie renouvelable c'est que l'on a du mal à le stocker alors que nous avons bientôt un parc de véhicule électrique non négligeable elles vont être fabriquées avec des systèmes d'emmagasinement d'énergie et de redistribution par la suite, comme ce que l'on peut voir apparaître sur les téléphones portables qui vont pouvoir charger des autres téléphones en les collant l'un sur l'autre.
Repenser les éclairages des villes en intégrant des prises pour véhicule électrique et connecter sur un réseau d'énergie renouvelable. Obliger les sociétés par des avantages fiscaux à se moderniser dans ce sens pour que leur employé et leurs véhicules garés sur les parkings puissent emmagasiner l'énergie renouvelable que la société produit et la redistribuer par la suite également le soir pendant les heures de pointe.

5. La transition alimentaire, remplacement progressif de l’alimentation issue de l’agriculture industrielle, consommatrice d’énergie fossile par les multiples transferts et transformations qu’elle nécessite, par une alimentation issue de l’agriculture locale et biologique. 

Dans votre phrase il y a un énorme problème qui se pose c'est que vous nommez les paysans par les agriculteurs hors les paysans bio ne sont pas des agriculteurs, mais des paysans ils ne font pas de l'agro agriculture ils reviennent à des valeurs saines et sures. Si on recommence à créer de l'agriculture biologique ce sera exactement le même problème il faut recréer des paysans qui consomment qui vendent leur produit directement. Oui il y aura une diversité de paysans et moins un système agroalimentaire qui nous a causé cette crise et en plus cela crée des emplois et de la diversité. Moins on centralise les choses et plus on vit dans un environnement sain.
Diversifier des abattoirs en plus petits arrêter de faire des usines abattoir qui cause d'énormes problèmes de morale,nous ne pouvons pas enlever des vies, même d'animaux, en en faisant une grosse industrie !";0;0;2019-03-13 09:58:33 +0100;2019-03-13 09:59:55 +0100;;http://participez.nancy.fr/processes/GrandDebatNational/f/88/proposals/433;88;""
427;42;La fiscalité et les dépenses publiques;;;1092;Revenu universel et semaine de 15h;"Je vous invite à lire et relire ""Utopies réalistes"" de Rutger Bergman. L'auteur, à grand renfort de publications scientifiques étayées, nous prouve que le revenu universel et la semaine de 15h sont la réponse adéquate à de nombreux problèmes de société.

Contrairement à ce que certains peuvent avancer, le revenu universel ne pousse pas à la fainéantise. Au contraire, il permet de développer le travail à temps plein ou partiel, le développement de l'artisanat et de l'art… Chacun, n'ayant plus de contraintes financières, peut enfin s'épanouir et se donner à fond dans un métier passion. Comme le démontre l'auteur, le revenu universel est finançable (je vous invite à lire le livre qui saura vous l'expliquer beaucoup mieux que moi).

De même, l'auteur démontre que la semaine de 15h permettrait de réduire le chômage tout en développant les loisirs et l'investissement dans le bénévolat au sein de structures associatives d'intérêt collectif...";0;1;2019-03-12 18:57:04 +0100;2019-03-12 18:57:59 +0100;;http://participez.nancy.fr/processes/GrandDebatNational/f/88/proposals/427;88;""
429;41;La transition écologique;;;1092;Développer l'économie locale;"Les régions doivent être résilientes. Cela passe par le soutien de l'économie locale. Les producteurs locaux (et bio) doivent pouvoir commercialiser facilement leur production à l'échelle de la région. Pour les aider, les collectivités locales doivent les subventionner pour par exemple développer des commerces de proximité et limitant les intermédiaires. 

Le développement des monnaies locales est également un facteur clé de réussite puisqu'il favorise la circulation de l'argent à l'échelle locale tout en évitant de financer les multinationales qui détruisent l'environnement. 

L'artisanat devrait être développé pour que chacun puisse se fournir en vêtements, chaussures, fournitures scolaires, meubles etc… au niveau local plutôt que de se tourner vers des produits trop bon marché, fabriqués à l'autre bout du monde dans des conditions qui vont à l'encontre des droits de l'homme et des droits de l'enfant !";0;0;2019-03-12 19:05:00 +0100;2019-03-12 19:05:27 +0100;;http://participez.nancy.fr/processes/GrandDebatNational/f/88/proposals/429;88;""
375;43;La démocratie et la citoyenneté;;;644;Éligibilité et représentativité ;"Toute personne majeure et ayant un casier judiciaire vierge (devoir d'exemplarité) devrait pouvoir se présenter aux élections sans que ça ne soit un parcours du combattant ou que ça ne nécessite une levée de fond importante.

Pour cela :
- remplacement du nombre de parrainage de maire par un nombre de parrainage de citoyens (0.1% du corps électoral) pour pouvoir présenter sa candidature
- fond fourni par l'état pour permettre à chaque candidat de mener sa campagne. Le montant alloué est strictement identique pour chacun des candidats et ne peut être dépassé sous peine d'inéligibilité à vie du candidat
- exposition identique et obligatoire des candidats dans les médias publics (même créneau horaire, temps de parole, etc..). Les médias privés peuvent, sans y être obligé, exposer également les candidats, mais sous réserve de garantir la même exposition médiatique à tous les candidats. 
- proportionnelle totale à toutes les élections (par exemple pour 100 sièges disponible = chaque 1% représente donc 1 siège), les sièges libres ou issus du vote blanc sont réservés à des citoyens du corps électoral (hors citoyens déjà élu) tirés au sort
- remplacement du sénat par une assemblée citoyenne tirée au sort parmi le corps électoral (hors citoyens déjà élu) 
- scrutin à un seul tour pour toutes les élections (la proportionnelle totale garantissant la représentativité du suffrage, dont celle des voix exprimés en faveur des ""petits"" candidats ou partis)
- les citoyens tirés au sort se voient maintenir leur revenu jusqu'à la limite du salaire médian en France. Les autres élus (issus de candidature), dont le président et membres du gouvernement sont payés au smic (ils se placent de par leur mission, au service de tous les français et ne peuvent donc se considérer comme méritant un revenu plus élevé que ceux ci). Les frais strictement liés à l'exercice du mandat des élus font l'objet de note de frais dans la limite d'un certain plafond mensuel, celles ci sont accessibles à tous les citoyens en open data dans un objectif de transparence, tout citoyen pourra alors contester la légitimité des frais auprès de la justice.

";0;0;2019-02-18 12:00:39 +0100;2019-02-18 12:06:25 +0100;;http://participez.nancy.fr/processes/GrandDebatNational/f/88/proposals/375;88;""
377;44;L'organisation de l’État et des services publics;;;644;Suppression des avantages des élus;"- Suppression des avantages fiscaux propres aux élus
- Baisse de la retraite et allocations chômage des élus (cotisation identique à un Smic)
- Interdiction de cumuler un emploi avec le mandat (la fonction nécessite un réel investissement personnel)
- Suppression de l'attribution de logement aux élus (ils ne devraient pas être prioritaires face aux citoyens), reattribution de ces logements sur le marché locatif pour en faire des revenus pour l'état. 
- Suppression de la participation aux frais d'obsèques des élus
- Suppression de tous les avantages dédiés aux anciens élus
- Suppression des facilité de circulation dédiés aux élus
- Suppression des enveloppes budgétaires dédiés aux courriers, téléphones, taxis et informatique. Ça doit passer par des notes de frais.
- Suppression des immunités devant la justice et mise en place de peine plancher pour les élus ne respectant pas la loi (assortie de prison ferme non aménageable en cas de délit ou crime de la part de l'élu) , les élus ont un devoir d'exemplarité. 
- Obligation de déclarer et remettre à l'état tous les cadeaux reçus en tant qu'élu. Ces cadeaux seront alors vendus aux enchères pour assurer des revenus à l'état. 
- Obligation de déclaration de l'utilisation des indemnités ou notes de frais des élus, accès possible en open data, et contrôle par une commission dédiée composée de citoyens tirés au sort (hors élus) et de juristes. 
";0;0;2019-02-18 17:55:41 +0100;2019-02-18 17:56:17 +0100;;http://participez.nancy.fr/processes/GrandDebatNational/f/88/proposals/377;88;""
376;43;La démocratie et la citoyenneté;;;644;Non cumul des mandats;"Le rôle de représentant élu doit être pris au sérieux par les élus :

- Interdiction formelle d'exercer plusieurs mandats en même temps
- À la deuxième absences injustifiées au siège pour lequel il a été élu, inéligibilité à vie de l'élu
- Interdiction d'exercer plus de 3 mandats nationals durant une vie
- Interdiction d'exercer plus de 3 mandats locaux durant une vie";0;0;2019-02-18 12:30:52 +0100;2019-02-18 12:31:05 +0100;;http://participez.nancy.fr/processes/GrandDebatNational/f/88/proposals/376;88;""
378;43;La démocratie et la citoyenneté;;;644;Mise en place du RIC;"Déclenchement d'un Référendum d'Initiative Citoyenne dès qu'une pétition regroupe au moins 0.1% du corps électoral. La pétition devra cibler une seule loi, proposition de loi, projet de loi ou texte (ex : traité, directive européenne, etc..) précis. 
En cas de RIC sur un texte non encore promulgué, le RIC se tient dès que le texte a été validé par les 2 assemblées. 

Pour garantir un certaine stabilité du pays, un même texte ne peut être soumis au RIC qu'une fois par mandat. Le résultat doit obligatoirement être respecté par les élus. En cas de majorité de pour, la loi est promulguée sans modification, en cas de majorité de contre la loi est simplement rejetée et ne pourra être promulguée durant le mandat actuel, en cas de majorité de vote blanc, la loi doit être retravaillée via consultation citoyenne et de nouveau soumise à référendum selon les mêmes règles. ";0;3;2019-02-18 18:13:08 +0100;2019-02-18 18:13:27 +0100;;http://participez.nancy.fr/processes/GrandDebatNational/f/88/proposals/378;88;""
428;43;La démocratie et la citoyenneté;;;998;Suppression du SNU;"Supprimer le projet de Service National Universel (SNU) qui n'aura aucune utilité (hormis plaire aux nostalgiques du service militaire - et sans l'avoir fait pour beaucoup) et qui sera très couteux ! Il faudrait le remplacer par un service utile pour les seuls volontaires.
Les économies ainsi faites pourront enrichir le services des volontaires ... ou faire qu'il n'y ait plus personne dormant dans la rue (autre promesse  non tenue).

";0;0;2019-03-12 18:57:17 +0100;2019-03-13 12:24:10 +0100;;http://participez.nancy.fr/processes/GrandDebatNational/f/88/proposals/428;88;""
381;42;La fiscalité et les dépenses publiques;;;752;ISF et compagnie;"D'abord quelques remarques à caractère général: il est assez troublant de voir les gens qui ne paient pas d'impôts chercher toujours à en faire payer aux autres.
Remettre l'ISF est incohérent avec la volonté exprimée de faire baisser la pression fiscale; il ne faut donc pas le remettre ; remettre l'ISF c'est augmenter la pression fiscale
le langage de pression fiscale et de son injustice est une contre vérité: 70 % de l'impôt sur le revenu est payé par 10 % des personnes imposables, et 60 % par 30 % si on inclut la CSG. En plus presque 50 % de contribuables ne paient pas l'IR., où est l'injustice.
L'ISF est un impôt inique, injuste et inutile, la preuve il n'existe nul part ailleurs: il est inique car il porte sur des biens déjà imposés par ailleurs plusieurs fois: IR, Plues Values, taxe foncière qui est un impôt sur la propriété donc sur le capital donc sur la fortune et enfin sur les successions; il aurait du en son temps être retoqué par le conseil constitutionnel
Il est injuste: des terrains de l'Ile de Ré ont été imposés par le passé, classés ensuite en zone inondable, ils ne le sont plus : il y a là un problème; les impositions antérieures indues n'ont pas été remboursées; idem pour les maisons en vallée de Chamonix imposées puis non après classement en zone d'avalanche;
Si il était question de refaire un impôt de l'espèce pour calmer les fantasmes et les excitations, il faudrait le réinventer;
L'ISF ne ferait pas payer les milliardaires comme le veut un conseiller de Paris mais les gens de la classe moyenne haute puisque avec 1.3 millions on paie un impôt à partir de 800 000 mille ce qui ne correspond pas à une fortune de milliardaire; on devrait aussi lui appliquer un quotient familial avec part comme l'IR, ce qui n'est pas le cas dans l'ancien ISF
Concernant les mesures récentes il est évident constitutionnellement que la Taxe d'habitation doit être supprimée pour tous;
Concernant la taxe carbone sur les carburants, je demande à ce que les propriétaires de voiture à essence soient remboursés du différentiel de taxation avec le diesel subi pendant plusieurs dizaines d'année alors même qu'ils étaient vertueux; il est par ailleurs inique de donner une prime aux propriétaires de Diesel qui changent leur véhicule et pas aux autres à qui on devrait verser une prime de bon comportement écologique.
Et il y a encore tant à dire";0;2;2019-02-21 15:32:48 +0100;2019-02-21 15:34:00 +0100;;http://participez.nancy.fr/processes/GrandDebatNational/f/88/proposals/381;88;""
388;41;La transition écologique;;;778;Environnement : éducation;"Mettre en place -à l'image des cours d'éducation civique- un cours sur l'environnement. 

Ce qu'implique la consommation ;
comment le chocolat, une pomme, un ananas provient jusqu'à'à l'assiette, ses transformations, ses trajets. 
Pourquoi consommer local 

pour les tous petits : un jardin partagé ou ils apprennent a planter les légumes ";0;0;2019-03-02 07:03:09 +0100;2019-03-02 07:04:15 +0100;;http://participez.nancy.fr/processes/GrandDebatNational/f/88/proposals/388;88;""
382;44;L'organisation de l’État et des services publics;;;752;Ville et  campagne;"Il faut en finir avec ce ville bashing farci de fantasme et d'erreurs voire de contre vérités 
On connait tous plein de mode qui choisit de demeurer à la campagne parce que le vie y est plus douce
Concernant les services publics: sont ce les services publics qui partent car il y a désertification ou le contraire?
Les gens des villes paient des fortunes ( taxes, impôts) pour offrir à ceux de la périphérie des service sportifs et culturels de qualité; il est donc tout à fait normal que les dotations aux grandes agglomérations soient proportionnellement plus importantes .
Une taxe d'habitation peut être 4 ou 5 fois plus élevée pour une même surface en ville ( centre ou de périphérie proche) qu'à la campagne ce qui donne de la marge pour payer de l'essence.
Les 80 KM/heure ne sont pas le problème: pour faire 120 KM en rase campagne entre Nancy  et Chaumont hors autoroute , il y a des dizaines de point à 50 KM/H et à 70 KM/H; c'est ça qui ralentit
A quoi bon maintenir des lignes de chemin de fer pour quelques rares usagers: il y a des embouteillages récurrents le matin entre St Nicolas de Port et Nancy et le soir dans l'autre sens alors qu'existe un service SNCF sur le même parcours, que faut il en conclure?";0;0;2019-02-21 15:56:29 +0100;2019-02-21 15:57:20 +0100;;http://participez.nancy.fr/processes/GrandDebatNational/f/88/proposals/382;88;""
384;41;La transition écologique;;;757;Pouvoir d’achat, Economie locale, Ecologie.;"Je vous fais part de ma contribution 3 en 1.
Pouvoir d’achat, Economie locale, Ecologie.

Je suis pour une redistribution des richesses, pour un monde plus égalitaire et plus écologique.
La théorisation et les marchés financiers ne créer que peu de richesse, il faut redonner au plus grand nombre les moyen de consommer, consommer mieux, écologique et local.

Pour faire une solution simple est de mettre en place un revenu universel sur le Grand Nancy.
Un revenu universel vert,  il ne doit pas servir à l’acquisition de produits financiers, spéculatifs ou d'importations. 
Pour cela il doit se faire dans une devise alternative, en monnaie locale. Le Florain.
En créant un revenu universel en Florain vous redonnez du pouvoir d’achat à l’ensemble des habitants du Grand Nancy et vous favorisez les artisans, les producteurs et les commerçants du tissu local.
Ce qui a pour effet de redynamiser la communauté de communes et la région.
La consommation devint locale via les circuits courts donc écologique. 
Vous pouvez également par ce biais mettre en avant les initiatives écologiques.
";0;1;2019-02-22 16:17:55 +0100;2019-02-22 16:22:27 +0100;;http://participez.nancy.fr/processes/GrandDebatNational/f/88/proposals/384;88;""
434;41;La transition écologique;;;787;La Suite projet 3/3;"6. La gestion des déchets : révolutionnaire, elle suppose de passer d’une logique de valorisation à une politique de réduction drastique, voire de suppression, associant tri, compostage et réutilisation des biens. 
Il faut plus sensibilisés dans les écoles dès le plus jeune âge plus on prend l'habitude en étant jeune et plus on fera des générations futures qui économiseront nos matières premières
réinventer un monde où quand on invente quelque chose avant de le sortir a grande échelle, il faut absolument montrer que l'on peut le recycler à 100 % et réutiliser cette matière première infiniment. Tout ce qui est inventé doit partir de matière première soit en Extraction,soit en recyclage, mais celle en extraction se devra être une seule fois pour alimenter le monde puis être recyclé et refabriqué pour les nouveautés en évolution du produit.

7. La fiscalité : réorganisée, elle peut inciter aux économies d’eau, d’énergie et de matières premières, et à la réduction des déchets et des pollutions.

Tout est résumé dans chaque sujet et surtout tout est relié, car il ne faut pas en faire des questions, mais une question qui englobe le tout, car tout doit être relié !
il ne faut pas en faire un combat local, car si toutes les métropoles en font leur priorité personnelle et que tout le monde part dans tous les sens, cela ne servira a rien, il faut des villes test et que ça devienne national et européen";0;0;2019-03-13 10:00:44 +0100;2019-03-13 10:01:39 +0100;;http://participez.nancy.fr/processes/GrandDebatNational/f/88/proposals/434;88;""
385;42;La fiscalité et les dépenses publiques;;;761;Urbanisation et fiscalite;"Il faudrait supprimer  la fiscalité avantageuse  liée aux investissements immobiliers.  investissements qui défigurent nos villes , enrichissent  les propriétaires privés et les grands groupes immobiliers
la cession du domaine public devrait être validée par les citoyens";0;1;2019-02-24 08:14:33 +0100;2019-02-24 08:15:32 +0100;;http://participez.nancy.fr/processes/GrandDebatNational/f/88/proposals/385;88;""
386;41;La transition écologique;;;761; Favoriser  les Circuits courts;"Toute ville devrait mettre à disposition des producteurs locaux   un  local (il y a tant de bureaux ou d emplacements vides dans nos villes) ou ils pourraient vendre leur production sans intermédiaires à la seule condition de signer une charte  sur la  localisation  de leur production et une offre de prix raisonnable accessible à tous 
(voir l exemple de la ville de Colmar)
";0;1;2019-02-24 08:26:22 +0100;2019-02-24 08:27:13 +0100;;http://participez.nancy.fr/processes/GrandDebatNational/f/88/proposals/386;88;""
415;42;La fiscalité et les dépenses publiques;;;862;Pour une TVA progressive : justice fiscale par la TVA;"Pour une TVA progressive : justice fiscale par la TVA.

Il faudrait jouer sur les taux de TVA en les rendant progressifs dès lors qu'on rentre clairement dans le domaine du superflu.
On pourrait supprimer toute TVA sur les produits de première nécessité et maintenir les taux actuels sur la plus grande partie des produits (en gros ceux qui constituent la consommation des Français moyens). D'un autre côté on instaurerait des taux progressifs pour les produits les plus coûteux dans leur catégorie, au moins pour certains types de produits : par exemple une automobile serait taxée au taux actuel jusqu' à une valeur HT de 35 000 €, au-delà on passerait à des taux progressifs. L'immobilier neuf serait également concerné, et pour l'ancien on pourrait jouer sur les droits de mutation.
Autant une fiscalité directe excessive me semble tenir de la spoliation, autant il me semble légitime que des choix de consommation superflus, libres et assumés, puissent faire l'objet d'une surtaxation.
Et quel meilleur impôt que celui qui découle d'un libre choix ? Ou quand se faire plaisir contribue à la justice fiscale...";0;0;2019-03-09 14:37:57 +0100;2019-03-09 14:38:56 +0100;;http://participez.nancy.fr/processes/GrandDebatNational/f/88/proposals/415;88;""
390;41;La transition écologique;;;778;Transition Ecologique;"Interdiction des emballages inutiles (  pour tous les fruits bio que l'on trouve dans la grande distributions ils sont EMBALLES INDIVIDUELLEMENT OU PAR 3 OU 4 ) 
Pour toutes les écoles un petit jardin participatif dans la cour de récréation : atelier jardinage avec les enfants 
Interdire la promotion des produits polluants ( produits ménagers, d'hygiène (shampooing...), fast food, nourriture qui nécessite un tour du monde et une déforestation...
Compost pour toutes les écoles.
Des aides pour acheter un vélo, pour les personnes a faible revenu. 
Uniformiser les LOGOS : trop de personnes sont perdus en regardant le derrière des emballages et ne savent pas si oui ou non c'est recyclable. 
Plus de poubelles de recyclage dans les villes (absente dans de nombreuses)  legislation claire et identique dans chaque villes concernant la couleur des containers. 
JAUNE : Carton / plastique / papier
Vert : verre
pourquoi pas des composts aussi ( marron) 
et gris par ex pour le non recyclable. 
Une sensibilisation dans les écoles pour préparer les citoyens de demain.  Des cours sur l’écologie, explication sur les conséquences de l’acte d’achat, des cours sur les saisons, comment fonctionne le vivant. 
Faire appliquer la loi 25 janvier 2013 relatif à l'éclairage nocturne des bâtiments non résidentiels afin de limiter les nuisances lumineuses et les consommations d'énergie,  ( abrogée le 29 DEC 2018 ?!) 
Eteindre les vitrines commerciales. 
Interdire la promotion des produits polluant, ou qui nécessitent a outrance des emballage (MacDonald, coca cola, H&M....) ainsi que la publicité comme ""le boeuf c'est la teuf"" sachant que la production de viande représente 14% des émissions de gaz à effet de serre (autant que tous les véhicules individuels réuni... ) 
Inciter par des publicités d'intérêt général, au même titre que les annonces sur les accidents de la route, au refus de sac plastiques et autres emballages. 
Proposer pour toute habitation une plante résistante, gratuite, payé par la commune (sous présentation d'une carte d'identité et d'une attestation de domicile ou autre, a voir....) 
Plus communiquer sur comment BIEN recycler les produits du quotidiens, et les produits moins ""classique"" (radiographie ....) peut être sur une plateforme qui recense
Plus de repas végétariens dans les écoles et hôpitaux. Ainsi que favoriser les circuits courts. Expliquer aux usagers pourquoi cette démarche. Quel est l'enjeux. 
Mettre en place comme en Belgique une taxe en fonction des déchets produits par les foyers (poubelle lourde = plus cher. )  Cela a fait ces preuves dans d'autres pays. ";0;0;2019-03-06 10:57:15 +0100;2019-03-06 11:18:40 +0100;;http://participez.nancy.fr/processes/GrandDebatNational/f/88/proposals/390;88;""
443;45;Autre sujet;;;1250;Pour une économie coopérative;Une économie débarrassée des revenus du capital semble aujourd'hui de plus en plus nécessaire. Reprendre en main l'outil de production, de commercialisation, l'outil financier en créant, développant des entreprises vraiment coopératives (même de petites tailles) avec un objet social utile, des pratiques responsables qui associent usagers et salariés coopérateurs. ;0;0;2019-03-19 09:42:30 +0100;2019-03-19 09:43:15 +0100;;http://participez.nancy.fr/processes/GrandDebatNational/f/88/proposals/443;88;""
392;;;;;669;Le revenu universel pour les personnes âgées dès le début de leur retraite;"Il apparait dans ce grand débat de la région nancéienne on ne s'occupe à aucun endroit des personnes âgées (minimum vieillesse ou retraites) --- Les fonctionnaires de Bercy qui sortent de l'ENA  ont reçu un enseignement comptable et non un enseignement visionnaire -- Le résultat donne une administration de répression alors que celle-ci au service du public devrait avoir une attitude d'accompagnement (avec pour résultats les gilets jaunes) --- car il est évident que cette révolte n'est pas contre les politiques mais en réalité contre l'administration en général et surtout contre les mauvais fonctionnaires qui se croient tout permis --- 
------------------------------------- je propose donc une action qui ne coute rien à l'état ----
Les caisses de retraite devraient avoir l’obligation d'indiquer dans le courrier et sur leur site en entête le montant minimum auquel les personnes âgées ont le droit --- un simple texte du style --- 
-----------------------------------------------------------------------------------------------------------------------------------------------------------------
-----------------------------------------------vous avez le droit à (800€ ?) en tant que personne seule----------------------------------------------
-----------------------------------------------------votre couple a le droit à (1200 € ?) -------------------------------------------
-------------------------------si vous n'avez pas cette somme au total de vos droits --- téléphonez au n° ______________-----------
------------------------------------un référant de votre caisse vous aidera administrativement --------------------------
---------------------------------------------------------------------------------------------------------------------------------------------------------------------
Voilà une attitude qui ne coute rien et répondra aux diverses questions sur ce sujet reçu par notre président lors de ses déplacements.
";0;1;2019-03-07 11:34:17 +0100;2019-03-07 11:35:09 +0100;;http://participez.nancy.fr/processes/GrandDebatNational/f/88/proposals/392;88;""
439;42;La fiscalité et les dépenses publiques;;;998;Rétablir l' Impôt de SOLIDARITE sur la Fortune (ISF);"L'impôt de SOLIDARITE sur la fortune rapportait plus de 4 milliard en plus de l'IFI et avait une valeur symbolique de Justice Fiscale. Il doit donc être rétabli sans besoin d'en faire une évaluation, ""douteuse"" de toute façon ... le ""ruissellement"" n'étant pas crédible !";0;0;2019-03-16 14:35:05 +0100;2019-03-16 14:35:30 +0100;;http://participez.nancy.fr/processes/GrandDebatNational/f/88/proposals/439;88;""
440;42;La fiscalité et les dépenses publiques;;;998;"Economiser sur le cout ""insupportable"" des ""Vieux""";"Plutôt que d'augmenter la CSG des retraités et les stigmatiser... il faut autoriser l'euthanasie et distribuer les moyens de la pratiquer. Cela ferait de belles économies sur les retraites et les soins.
L'état gagnerait ainsi ""un poignon de dingue"".";0;0;2019-03-16 14:41:58 +0100;2019-03-16 14:42:30 +0100;;http://participez.nancy.fr/processes/GrandDebatNational/f/88/proposals/440;88;""
435;44;L'organisation de l’État et des services publics;;;1145;Services publics;"La justice comme la santé  doivent être de véritables services publics au même titre que l’Education Nationale  ou La Défense. Les avocats et les médecins devraient être des fonctionnaires de l'Etat. 
Seule la gratuité en la matière peut offrir aux usagers un réelle égalité de  traitement pour mettre un terme à un système à deux vitesses (dépassements d'honoraires, frais de justice exorbitants, etc...)
 ";0;1;2019-03-13 13:56:21 +0100;2019-03-13 18:39:51 +0100;;http://participez.nancy.fr/processes/GrandDebatNational/f/88/proposals/435;88;""
436;42;La fiscalité et les dépenses publiques;;;1145;Salaire maximum de croissance (SMAC);"Tout le monde s'accorde pour reconnaître la nécessité de garantir un salaire minimum (SMIC)  pour contrer toute tentative de surexploitation.
(Pour mémoire : le montant du SMIC horaire brut est fixé, depuis le 1er janvier 2019, à 10,03€, soit 1521,22€ bruts mensuels sur la base de la durée légale de 35 heures hebdomadaires)
A l'opposé, la rémunération moyenne des grands patrons français flambe et dépasse désormais 240 fois le Smic. (Cette moyenne s’établit pour l’année 2017 à un total de 5,4 millions d’euros, certains salaires dépassant même  les 20 millions d’euros à l'instar de certaines stars du football !)
Ceci est, bien évidemment, inacceptable socialement et il serait tout à fait logique d'instaurer en urgence un salaire MAXIMAL dont il reste à évaluer le montant... (50 fois le smic serait déjà un revenu très confortable, selon moi)
... Et de limiter aussi les scandaleux parachutes dorés !

";0;0;2019-03-13 19:55:55 +0100;2019-03-13 19:56:52 +0100;;http://participez.nancy.fr/processes/GrandDebatNational/f/88/proposals/436;88;""
437;41;La transition écologique;;;1145;Tarification des transports collectifs;"La gratuité des transports en commun en milieu urbain actuellement effective dans plus d'une vingtaine de villes qui se félicitent des résultats obtenus en matière de pollution ou de fluidité du trafic doit être généralisée (ndlr : Qu'attend la CUGN pour passer à l'acte ?) 
Et si l'on met en balance tous les frais occasionnés par la circulation automobile, c'est aussi une réussite au plan économique... 
Quand au dérèglement des tarifs pratiqués par certaines compagnies aériennes à bas coût  encourageant à voyager plus souvent et donc à polluer davantage, il faut l'encadrer (en taxant le kérosène, par exemple) afin de limiter les déplacements superflus. 
";0;0;2019-03-13 20:39:38 +0100;2019-03-14 09:42:23 +0100;;http://participez.nancy.fr/processes/GrandDebatNational/f/88/proposals/437;88;""
441;45;Autre sujet;;;550;Diverses remarques et idées ;"Après observation, voici des incohérences que j’ai remarqué, ainsi que quelques idées :
- certains se plaignent de ne pas avoir suffisamment d’argent pour nourrir leurs enfants, mais ils fument 2 paquets de cigarettes par jour (sans parler de drogue, alcool, et du dernier portable) Quelle est la priorité ? Fumer ou nourrir ses enfants. 
- Certaines personnes bénéficiant de la CMU qui font le tour des médecins car ils ne paient pas. Sauf que si c’est gratuit pour eux, ça ne l’est pas pour la société.
- La France connaît un manque de médecin, problème qui va s’amplifier dans le temps. S’ils pouvaient bénéficier d’une exonération de charges au delà de 35 heures de travail par semaine, je pense que de nombreux médecins seraient encouragés à travailler davantage et cela pourrait limiter les délais de consultation. Sachant que plus d’1 médecin sur 4 qui s’installe n’est pas français.
- En voyant les dégâts lors des manifestations des gilets jaunes. Celui qui casse doit payer. Ce n’est pas aux citoyens honnêtes à payer pour eux.
- Limiter les emballages = moins de pollution 
- Encourager la production BIO. Taxer ceux qui polluent.
- Faire des cours de cuisine à l’ecole, même si c’est le rôle des parents (certains enfants ne connaissent pas les fruits et légumes).
- La France est un pays de droits, c’est bien, mais il ne faut pas oublier les devoirs tout aussi importants. Certains auraient besoin d’une bonne piqûre de rappel.
- Il faut responsabiliser les gens ";0;0;2019-03-17 19:11:35 +0100;2019-03-17 19:12:20 +0100;;http://participez.nancy.fr/processes/GrandDebatNational/f/88/proposals/441;88;""
442;45;Autre sujet;;;550;Système Zéro chômage ;"Je regarde actuellement Zone interdite sur M6 qui présente un reportage sur un système zéro chômage qui fait ses preuves.
Voici le site internet : https://www.esiamebe.fr/
Si ça marche, il faut le développer.
Tout le monde y gagne.
Et en plus c’est écologique.";0;0;2019-03-17 23:07:35 +0100;2019-03-17 23:09:23 +0100;;http://participez.nancy.fr/processes/GrandDebatNational/f/88/proposals/442;88;""
